{"model_name": "LGBMRegressor", "mse": 626815378484764.9, "mae": 9804768.04283507, "r2": 0.8250577839981303, "r2_train": 0.828107051362689}