{"model_name": "LGBMRegressor", "mse": 932122090978656.9, "mae": 16217200.993790092, "r2": 0.7439787918194298}