{"model_name": "LGBMRegressor", "mse": 1563446744013885.0, "mae": 22840742.8184611, "r2": 0.5509078016997743}