{"model_name": "LGBMRegressor", "mse": 468479318511783.4, "mae": 8803395.109006902, "r2": 0.8692488842095487, "r2_train": 0.7661282693143799}