{"model_name": "LGBMRegressor", "mse": 645470213292194.9, "mae": 9797372.359115161, "r2": 0.8198512778204268, "r2_train": 0.8272926035509596}