{"model_name": "LGBMRegressor", "mse": 647275591941431.2, "mae": 14939218.036294397, "r2": 0.8016418154083704}