{"model_name": "LGBMRegressor", "mse": 1106029652404486.8, "mae": 14568298.509741578, "r2": 0.7371012247048134}