{"model_name": "LGBMRegressor", "rmse": 21989436.30435422, "mae": 8522868.670494575, "mape": 0.10618920474710959, "r2": 0.9041962105005115, "r2_train": 0.8529177966539034}