{"model_name": "GradientBoostingRegressor", "mse": 236278029270923.03, "mae": 9544877.545969145, "r2": 0.9352587559756967, "r2_train": 0.9093106296788133}