{"model_name": "LGBMRegressor", "mse": 1591786452548565.5, "mae": 23501990.044807136, "r2": 0.5922502269230482}