{"model_name": "LGBMRegressor", "mse": 653131806017795.9, "mae": 13347894.100358048, "r2": 0.8487267251796601, "r2_train": 0.759289018799611}