{"model_name": "LGBMRegressor", "mse": 1415231423266817.2, "mae": 18066082.89873609, "r2": 0.6664428254988185}